document id,Document Number,Year,Folio reference,page in modern edition,Churches mentioned,church ref,rogator,leaseholder ID,Granter,granter ID,object,term of lease,rent/dues paid,penalty,Summary,Latin transcript,Notes/translation,mentions coloni?,witnesses,description of holding,url,Locations mentioned,grant location  id,rogator home id
1,LL 52,876,XVI D,p. 57,Sancti Benedicti in Ciculi,4,", Ego godipertus presbiter filius Iohannis ",52,"Farfa, Iohannes Abbot","1,2",,,Annually in August giving 25 silver pieces of st. peters money to the monastery. (possible modern location?? https://it.wikipedia.org/wiki/Cicolano) ,,Priest Godipertus leases cell of Sancti Benedicti from Farfa to use and improve.,"ICN, Ego godipertus presbiter filius Iohannis habitans in massa Ciculana, villa que vocatur Fungie, dedi vobis domne Iohannis abba, et in vestro monasterio omnes meas substantias ibidem in Fungie, excepto mediatatem mobilium meorum et unum modium de terra ad illas tendas, et per cartulum confirmavi, et ideo peto vobis, ut diebus vite mee michi prestare iubeatis aliquid de rebus monasterii vestri. idest cellam Sancti Benedicti in massa Ciculana, in loco qui vocatur Petronianus, cum omnis pertinentia sua, sub beneficiali ordine, et laborandi, cultandi et meliorandu et annualiter in mense augusti, pensionem vobis dandi argenti solidos XXV. bonos et expendibiles de moneta sancti Petri, et annonam et vinum, que annualiter soliti sunt date ad callarios. (IF neglected  Solidos XL) in June. AD Karoli I. Godipertus Presbiter rogator. Dominicus presbiter. * Rodaldus presbiter. * Iohannes presbiter * Iohannes Presbiter * Gaidermaruis  * Adelbertus manus mea * Gaidemarius notarius scripsi ",territory also mentioned in  RF 326,,,,,villa Funghi in massa Ciculi,"32,32",32
2,LL 55,876, XVII C,p.58,Sancti Benedicti in Ciculi,4,Hildericus filius bonouse,53,,1,,,"20 units, vintage wine. 4 media of grain in just measures.",,HIldericus leases land  (previously donated  Godipertus or paid to the cell at Sancti Benedicti ,"Ego Hildericus filius bonouse, quem vos domnes Iohannes vir venerablis abba, ordinastis in substantia monasterii vestri in massa Ciculana, villa que vocatur fungie, quam Godipertus Presbiter in vestro monasterio pro anima sua delegavit per cartulam, et in alia substantia vestra ibidem, in villa que vocatur Cornetea, qui fuit Gualonis, ad libellarium nomen, et laborandum, cultandum et meliorandum, una cum fillis et nepotibus meis, et annualiter dandum, in cella vestra sancti Benedicti in massa Ciculana in Petrionano, musti per vindemiam decimatas .XX grani modia .III ad iustum mensuram. Et si neglexerimus, componamus in vestro monasterio argenti solidos .XXX. Actum in mense Iunii indictione .VIIII., anno .I domni Karoli. * Hildericus rogator. * Gaidemarius testis. * Adelbertus, * Leo testes.",,,,,,Massa Ciculi and Villa called Corneta,32,31
3, LL 59,883,XVIII A B,p. 61,Sancti Benedicti in fundo Stationi,5,,,,1,,,,,Amelpertus son of Ramperus and Gaidaluds son of Maurus ask the Abbot to Split the land in Vestiliano and confirm by charter that they may cultivate cultivate and improve it and recieve the tithes from the Church of Sancti Benedicti in Fundo Astatiano. In the month of June I denari for each of us.,"In Dei Nomine, Nos Amelpertus filius Ramperti et Gaidaldus filius Mauri petimus vobis, domne Teuto vir venerablis abba, mediatatem de ipsis rebus quas Gualdepertus et Arderada iugales per cartulam  confirmaverunt in vestro monasterio, in fundo Vestiliano, idest ipsam curtem, ad cultandum  et meliorandum et censum per omnes annos dandum in ipsa curtem, ad cultandum el meliorandum et censum per omnes annos dandum ipsa curte Sancti Benedicti in fundo Astatiano, infra mensem iulium, denarium .I. per unumquemque nostrum. Et si negelexerimus componamus vobis per unumquemque solidos .CC franciscos. * LE notarius scripsi, temporibus Guidonis comitis anno .VIII., mense iulii indictione .I * Amelpertuse et * Gaidaldus rogaverunt * Perto testis. * Alo  * Scampertus  * Transo testes.",,,,,,Fundo Statiano,,
4,LL 56,877,XVII E,,Sancti laurentii,42,Gaidepertus filius Godonis,14,,1,"4,3",,,,Gauidepertus son of Godis sells some land to the monastery in Quinto and leases it from the monastery Gualdum.,"Ego Gaidepertus filius Godonis Vendidi vobis, domne Iohannes vir venerabilis abba, omnes res et substantias meas, quotquot habui in Quinto, et Cartulas acquisitionis mee inde editas quibus ipsas res defendere valeatis, pretio a vobis suscepto, in vestro monasterio delegavi. Proinde petimus vobis, ut nobis aliquid derebus iuris proprietatis sancti monasterii vestri prestare iubeatis. Idest casam. que est applarium , ad sanctum Laurentium. vineam, et omnia qualiter ad ipsam obedientam pertinent. Et terram in ipso gualdo, per mensuram pedis publici modia .XV et annualiter michi vestimenta et calcimenta sicuti uni de consimilibus meis dare debeatis, ut debeam laborare, cultare et meliorare ipsas res, et pro eis pensionem annualiter vobis dare in mense augusti, denarios .III. Et si negelexero penam vobis componere promitto argenti solidos .XL * Gaiderisius notarius scripsi, anno. II domni Karoli, mense octobris die .v indicatione .X * Gaidepertus rogator. * Adelbertus testis. * Iohannes testis. * Albuinus testis. ||","I Gaudipertus son of Godonis, sold you: Lord Iohannes, Venerable man and abbot, all the the things and substances of mine that I have in Quinto, and the charters I have acquired I will then be able to defend myself when issued. At a price you decided (suscepto) in your monastery delegated. Acciordingly, the price paid to you will let us have in this case the rights to the property that you the sacred monastery will provide with pleasure. That house that is ( applarium) towards Saint Lawrence. Vineyard,  and all the things that to this pertain. And land in the same gauldo according to the feet of public measure .XV (?) And annually my clothes and (calcimenta?) that I ought to give, that ought to work cultivate and improve these things. And for this pension  annually I will give in the month of August 3 denari, And if I neglected then as penalty i  promise to pay 40 silver coins. Gaiderisius notary wrote this in the second year of our lord Charles in the month of  October of 5  10th indiction.. Gaidipertus giver, X  Adelbertus testified. Iohanne testified, Albuinus testified. (Interesting phrase: et Cartulas acquisitionis mee inde editas quibus ipsas res defendere valeatis)",,"Adelbertus, Iohannes Abbot, Albuinus,",casam que est applarium ad sancti Laurentium. Gualdum associated with this land.,,Quinto,10,10
5,LL 48,875,XV A B ,p.56,Sancti Donati in massa Turano & Sancti Iohannis in Offiano & Sanctum Angelum,"6,7",,,,,,,,,Palmbus priest and his son (?)  and his wife Liperge and my son Ladoni and Iohannes priest sold land to the monastery in Massa Turano,"In Christi Nomine. Ego Palumbus presbiter et Probatus filii Iohannes petimus vobis, domne Iohannes vir venerabilis abba, ut nobis et Liperge coniugi et filiis meis Landoni et Iohanni prestare iubeatis res substantias quas vobis vendidimus et, pretio suscepto, in ipso monasterio per cartulum confirmavimus in massa Turana, in finibus Sancti Donati et Sancti Iohannes et in Ofigiano, et Speniano excepta terra nostra in Mollecto, ad Sanctum Angelum. Insupur colonos ipsius monasterii, in eadem massa turana, In Bassiano, idest Gaipertum et Sinderisium, cum uxoribis et filiis ac nepotibus, et omnibus substantiis eorum, ut nobis tale servitium et datum perficiant, quale vobis usque modo fecerunt. Ad laborandum cultandum et meliorandum diebus vite nostre , et pensionem annualiter reddendum in mense augusti, denarios .XII. Et Penam Obligationis  pro negligentia componendum argenti solidos .L * Gaidemarius notarius scripsi mense aprillism indictione .VIII., annos domni Hludovici .XXVI * Probatus et * Palumbus  presbiter rogaverunt, * Palumbus presbiter testis * Iohannes presbiter, * Petrus",Are Gaipertum and Sinderisium with wives and sons coloni of monastery?. How are they affected by this transaction. Have they been sold with the land to monastery.   (ut nobis tale servitium et datum perficiant),yes possibly,,,,"Massa Torano, Offiano,  Mollecto, ad Sanctum Angelum",,
6,LL 13,844,V. D E F ,p.39," cellam Sancte Felicitatis , cellam Sancti Marci, cellam Sancte Felicitatis quam habet Landenus, cellam sancti Martini in Valle",,,,,,,,,,,"Aecclesiastica utilitas nulla debite refragatione concuti, quando ea adipisci desiderat que saluberrima esse conspiciuntur. Igitur convenientibus nobis Horgo curte regia, ego quidem Hildericus humilius abba ex monasterio Sancte Marie, sito in Sabinis, una cum monachis congregationis nostre, promittibus tibi, domne Petre venerabilis episcope, ut omnibus diebus vite vestre habere et possidere debeatis res istas que inferius adnota esse videntur. Idest res Maioriani, sub omni integritate, qualiter ab ipso Maioriano prius seu postea a nobis possesse fuerunt, res quas habet Gualderbertus, res quas habet petrus, res quas habet Gerardus , res quas habet Sicharus, res quas habet Odelprandus, res quas Tascilo, cellam Sancti Marci, cum rebus Teophani comitis que sunt in Spoleti. res quas habet Stephanus, res quas habuit Alo filius Gauldiperti, res quas habet Guingius, res quas Aufrida, res quas habet Guingius, res quas Habuit Guangus et Nithardus, cellam sancti Martini in Valle, cellam Sancte Felicitatis quam habet Landenus. He Omnes Videlicet res superius prelibate, cum omnibus ad se petinentibus, qualiter hactenus a nobis vel vobis possesee sunt, in vestra maneant poteste ordinandi et disponendi, qualiter vel quomodo vobis placuerit, diebus vite vestre. Et promittimus vobis domne petre episcope atque modis omnibus firmamus, ut quandoque Deo Iubente Hildericus abba noster ex hac luce migraveri, vos vobiscum vel cum misso vestro ad domnos imperatores proficisci liceat. Et si nos quoque, quod omni  fieri no credimus, contra vos de omnibus prelibatis rebus agere vel de hac promissione suptrahere quaesierimus promittimus || coram deo et sanctis  eius in periculum nostri honoris incurre atque properiis gradibus privari. Postquam vero vos ex hac luce quandoque deus suptrahere voluerit, omnes prefate res cum omni integritate sine dilatione vel refragtione ad nostrum revertantur monasterium. * Hildericus quamquam peccator, presbiter et abbas manu mea subscripsi.",Slight confused by this. Territories below are being given (leased) to Peter bishop of Spoleto as per the order of Imperial missi? Find more context and revisit.,,,,,,,
7,LL 27 ,866,X. D ,p.47,Sancti Iunvenalis in Maliano,9,Lazare Deacon,16,Farfa,1,The things of the monastery in the fundus of Malliano.  church of sancti Iuvenali and the public land pertaining to it with theHouses of coloni and their land,sub beneficali ordine,,,,"INDNIH, Domini Hludcovici anno .XVII, mense novembreis indictione .XIIII. Ego Perto abbas, una cum monachis congregationis nostre, concedimus tibi, Lazare diacone, sub beneficali ordine, res monasterii nostri in sabinis, in fundo Maliano. Idest ecclesiam sancti Iuvenalis. (note) cum dote sua et portione publica, sicuti usque modo ad nostram tenuimus manum, in integrem, et colonum nostrum, qui in ipso casale residere videtur. Idest casam Mennai, casam Palumbi, casam Martuli, casam Anselmi, cum suis familiis. Diebus vite tue tantummodo concedimus possidendum, ut per unumquemque annum persolvas nobis, ad missas sante marie .XVIII kalendas septembris pensionem solidos .XXX cata unumquemque solidos denariourum .XII bonos et utiles. penam compositionis auri denariorum .XII bones et utiles. Penam compositionis auri mancoso .CC * Winilapius notarius scripsi.||","I Peter abbot with our congregation of monks, grant to you Lazare Deacon under the ordained benefice of the things of our monastery in Sabine. In the fundus of Maliano that church of sancti Iuvenali. With a dowry and a public portion unto this time as it has been held by our hands. In its whole and with our coloni who seem to reside in the casale there: that casa Mennai, casa Palumbi, casa Martuli, casa Anselmi with their families. For the days of your life only to concedee possesion. Each year you have to pay us to the envoys of the monastery saint mary. On the 18th of septemter 30 silver coins that are good and useful. penalty to be paid is 12 silver coins good and useful. Penalty to be paid 200 Gold coins. Winilapius notary wrote this.",yes ,no,,,,,
8,LL 36,871,XII .H,p.51,cella Sancti Iustini,10,Scampertus filius Hildeprandi and Heline.,"18,19","Farfa, Abbat Perto","1,23",,,,,mention of Cell of Saint Justin in describing  wine due to monastery as part of lease.,"IDN, Ego Scampertus filius Hildeprandi peto vobis domne Perto vi venerabilis abba, ut michi et genitrici mee Heline prestare iubeatis, usque in tertiam nostram generationem, ipsas res, quas antea in vestro monasterio vendidi || in massa Notona in loco qui vocatur Casule seu et in Mandrie. Et res Iuris monasteii vestri quas habetis in Pantana, et in Octavo, et in Toriccla, que fuerunt Barnuncelli. Pro quibus omnibus annualiter vobis reddamus pensionem denarios XX. Et in cella Sancti Iustini decimatas de musto X. per vindemiam et pullos III penamque  si negleximus (cosi nel cod.) componamus auri mancosos X. *Leutherius notarius scripsi mense martii, indictione .IIII., anno domni Ludovici XXII. * Scampertus rogator. * Teudipertus testis * Adelbertus * Odelprandus.",Scampertus son of Hildeprandi and his mother Heline ask to retain use for three generations of the things sold to the monastery in massa Notona in the place they call Casule or in Mandrie.  And the things of the monastery that you have in Mandrie and in Octavo and in Toriccla which were Barnuncelli (?) For all of which I will pay you annually a pension of of 20 silver coins. And in the cell of Saint Justin on the destruction (harvesting) of the new wine 10 of the vintage (?) if the league is neglected (?) 10 gold coins. (Relate to donation RF  324 seems to be some common boundaries.,no,,,,"casule in massa Notona, Pantana ,Mandrie, Toriccla Baruncelli","16, 17, 12, ",
9,LL 18,853,VII. E,p.42,cella Sancti Iustini,10,,,,,,,,,similar mention of Cell of Saint Justin in describing  wine due to monastery as part of lease.,"ICN, Ego Gaiprandus et Gumpertus filii cuiusdam Petri magistri habitatores masse Nautone in casale qui Nominatur Casule, quos vos, domne Hilderice abba, una cum monachis congregationis vestre, ordinastis in rebus substantiis quas iam ante nos vendidimus vobis  et in vestro monasterio, et per cartulam obligavimus, in eadem massa Nautona, in casale qui nominatur Scurianus, et in Barbi, super ipsis coloniciis rectis per Iohannem et Gundipertum, et dedistis nobis  de illo gualdo de barbi usque in semitam que venit de scuriano et vadit ad Barbi, et vienas vestras ibidem in casale qui fuit Ageprandi. Eo tenore, ut nos et filii ac nepotes nostri ibidem resideamus, ad laborandum, cultandum and meliorandum et fructu fruendum. Et annualiter promittimus nos dare pro ipsis rebus in cella Sancti Iustini, ibidem in Nautona, decimatas Musti XX, et pullos III. unum in Nativitate Domini alium in Pashca, alium Sancte Marie de augusto. pen quoque partis in Contrarie hsi omnibus argenti denariorum solidos L. Actum mense octobris indictione I. anno domni Hlotharii Imperii XXXL et Hludovici filius eius anno IIII. * Gaiprandus et Gumpertus rogaverunt. * Frampertus testis * Liudericus testis",Fill out agents,,,,,,,
10,LL 31,871,,p.48,"Sanctum Gregorium in Furcone,Sanctum Heliam, (positioned next to the episcopal land of Sancti Maximini  and next to the river), Sancti Emigdii in Furcone","11,12,13",Gualderamus son of Alderadi of Furcone,,"Farfa, Abbot Perto","1,23",,ad libellarium ,,,,"IND. Domni Hludovici imperii anno XV, mense martii indictione XII.  Ego Gualderamus filius Alderadi de furcone, pro eo quod non habeo res meas unde vivere possim, ideo peto vobis, domne Perto vir venerablilis abba, ut ordinare me Iubeatis in aliquibus rebus monasterii vestri, ad libellarium nomen, usque in annos XII, In Furcone, loco ubi vocateur ad Sanctum Gregorium petia una modia VII. et semodiale I. posita iuxta terra Opterami et Antonii. Et ad Sanctum Heliam petia I. modia VIII, posita iuxta terram episcopii sancti Maximi et iuxta viam. Et in Giniano terre et vinee petiolas III. quas ego in beneficium habui, que fuerunt cuiusdam Petri. Pro quibus omnibus ego in beneficium habi, que fuerunt cuiusdam Petri.  Pro quibus omnibus ego heredes mei faciamus omnem voluntatem et servitium vestrum hic Furcone in cella vestra Sancti Emigdii, ubi nobis ipse scario vel prepositus ipsius curtis imperaverit, sicuti alii vestri libellarii faciunt, per unamquamque ebdomadam dies III, ad qualem utilitatem vel laborationem opus fuerit faciendum. Penamque si neglexerimus componendum argenti solidos XX. * Gualderamus rogator. * Martinus clericus testis * Stephanus testis. * Ruodemarius filius Romani testis. * Useramus notarius complevi.",,,,,,,,
11,LL 32,864,,p.49,"Sancti Emigdii,",13,"Guidiperte, filium Ursi",27,"Farfa, Abbot Perto","1,23",,ad libellarium,,,,"IND. Domni Hludovici Imperii anno XV, mense iulii die XXX, indictione XII. Ego Perto abbas, una cum nostri monasterii congregatione, ordinamus te, Guidiperte, filium Ursi de Furcone in quibusdam rebus nostri monasterii, ad libellarium  nomen, usque in annos .XII. que fuerunt cuiusdam Petri filii Rodepaldi, in loco qui nominatur Lunari, quas Arno homo ipsius Petri ad Suam tenuit manum per beneficium. Pro quibus facias servitium in cella nostra Sancti Emigdii, ubi tibi scario vel prepositus imperaverit, siculi alii nostri libellarii faciunt per unamquamque ebdomadam dies III. ad qualemcumque utilitatem aut laborationem opus fuerit, et annualiter debes dare in ipsa cella pullum I. Huius autem convenientie pena argenti solidos XX. * Perto presbiter et abbas manu mea. * Garemarius presbiter et monachus. * Odelprandus presbiter et monachus * Iohannes presbiter et monachus * Petrus presbiter et monachus mun mea.",,,,,,"Furcone, Lunari,",14,
12,LL 33 ,864,,p.49,,,Teophanius filius Audaldi,26,"Farfa,Abbot Perto","1,23",,ad libellarium ,,,,"IND. Domni Hludovici Imperii anno XV, mense iunii die XII. Ego Teophanius filius Audaldi, quem vos, domne Perto vir venerabilis abba, ordinastis, ad libellarium nomen in terra et vinea vestri monasterii in territorio Furconino, petarium trium. Due sunt ubi nominatur ad Colomella, per mensuram modia VIII. Alia est in Giniano, ad casam Mauri, modium I. Et ubi nominatur Butianus, que fuit Iohannis. Ad usum fruendi, usque in annos .VIII promitto vobis infra territorim Furconinum persolvere pr ipsis rebus per omnem ebdomadam operas III. ad qualemcumque utilitatem imperaveritis. Penamque if neglexero, compondendum solidos XX. * Teophanius rogator. * Petrus testis. * Lampertus * Goderisius testes."," Butianus, que fuit Iohannis retains the use of the land.",,,,,Furconino,14,
13,LL 34,859,,p.50,no,,Grimaldus diaconus filius Ursi,25,"Farfa, Abbot Perto.","1,23",,precariam,,,,"ICN. Ego Grimaldus diaconus filius Ursi profiteor, quia preterito tempore delegavi, pro anime mee remedio, in monasterio Sancte Marie omnes meas substantias, et per cartulam confirmavi, et precariam a predeces||sore tuo, domne Perto voluntate, reconcedo et a die presenti retrado vobis et in ipso monasterio substantiam ipsam in massa Torano, propter quod promisistis michi dare in vita mea annualiter, in mense septembris grani modia XX et de aliis victualiis modia XX ad iustam mensuram in mense octobris vini decimatas XXX. ad iustamm mensuram, in mense ianuarii porcos lardales IIII aut denariorum solidos X. Et si hanc convenientiam prevaricatus  fuero, penam suis notarius scripsi mense augusti, indictione VII. anno domni Hludovici X. * Grimualdus rogator. Lupo presbiter testis. Rado presbiter * Paulus presbiter, * Lupo testes * Teudipertus * Liuderisius  testes.",,no,,All that he has in Massa Torano,,Massa Torano,8,
14,LL 35,865,,p.50-1,Sancte Marie de Corneto. (Listed in LL index  as Sancte Marie in Tour referenced also in LL 8,,Lupo filius Guinonis habitator masse Torane ,28,"Farfa, Abbat Perto","1,23",, ad libellarium,,,,"ICN. Ego Lupo filius Guinonis habitator masse Torane peto vobis, domne Perto vir venerabilis abba, ut ordinare me iubeatusi in rebus et mobilibus vestris, quas ego antea vobis et in vestro monasterio vendidi et per cartulam firmavi, in massa Torana que fuerunt cuiusdam Spoletinuli et vinea in Massiniano petia una, que fuit Luceradi, ad libellarium nomen, et annualiter omnem fructum vobiscum per medium divendum, in cella Sancte Marie de Corneto. Et Annualiter in ipsa cella deportandum in Nativitate Domni pullum I., in Pascha alium in Sancte Marie alium. Penamque si neglexero compondendum argenti solidos XX. Actum mense decembris, indictione XIII. anno domni Hludovici .XVI * Lupo rogator  * Sintrari testis * Izzo testis",,,,,,"Massa Torano, Massiniano, Spoletinuli",8,8
15,LL 37,863,,p.51,,, Pertefusus filius Iohannis et Rose his mother,"29, 30","Farfa, Abbot Perto","1,22",,sub beneficiali,,,,"IDN. Ego Pertefusus filius Iohannis peto vobis, domne Perto vir venerabilis abba, ut michi et Rose genitrici mee, diebus vite nostre, sub beneficiali ordine prestare iubeatis res ipsas et substantias qua antea pro anima nostra in monastero vestro per cartulum convirmavimus, in massa Notona, ubi dicitur ad sanctum Agapitum. Et in Colline. et trans civitatem Reatinem. Et aliquid de rebus iuris proprietatis ipsius monasterii in Valleriano, colonias IIII. Et coloniam in Iuliano, que regitur per Lampertum. Et gualdum quem habetis in Moiano. Et ubi dicitur Palumbaria. Et vineam in Gilliano cum prato. Pro quibus pensionem annualiter persolvamus denarious XII. vobis in vestro monasterio, mense agusti. Et si neglexerimus penam vobis componabus auri mancosos CC. * Adelbertus notarius scripsi mense septembris, indictione XII. anno domni Hludovichi XIIII. * Pertefusus testis * Optatus * Lupo testes ",Interesting one: Pertefusus and his mother Rose lease under benefice a selection of land. Two churches mentioned and Gauldum  in Moiano. quite likely to be fiscal woods. Mentioned in the privileges and donations given by charlemagne in 774 RF 134 ,yes specific mentions of 4 coloni.,,,,"Massa Notona, Colline, Moiano, Palumbaria, Gilliano",16,
16,LL 38 ,870,,p. 52,,, Ildo filius Gildeperti,31,"Farfa, Abbot Perto","1,23",Villa Tampilianus ?,usum fruendi michi concedatis,,,,"Ego Ildo filius Gildeperti de massa Torano habitator ville ubi dicitur Tampilianus peto vobis, domne Perto vir venerabilis abba, ut michi et filiis ac nepotibus meis legitimis masculinis prestare iubeatis ipsas res, quas antea in vestro monasterio per cartulum dedi, et ad usum fruendi michi concedatis. || Pro quibus pensionem annualiter persolvamus musti decimatas .VIII, in cella vestra de massa Torana.  Et si Neglexero penam componamus vobis argenti solidos XL. * Arseramus notarius scripsi  anno domni hludovici XXI, mense maii die V indictione III. * Ildo rogator. *Lueprandus testis. *Iohannes  * Salomon * Barconellus * Florus testes",is in cella vestra de massa Torana the same as cella as one of the massa Torano churches mentioned? Not clear what the territory is. Is it the Ville  Tampilianus of Massa Tornado Reference to villa in RF 292 (TRANSCRIBE THIS SOON!!!) https://www.academia.edu/12423459/Celle_e_dipendenze_del_monastero_di_Farfa_in_area_laziale_in_Teoria_e_Pratica_del_lavoro_nel_monachesimo_altomedievale_Roma_-_Subiaco_7-9_giugno_2013_a_cura_di_Letizia_Ermini_Pani,,,,,Massa Torrano Villa Timpalianus,18.8,"18,8"
17,LL 39,861,,p. 52,,, Iohannes presbiter filius Rodepaldi de furcone ,32,"Farfa, Abbat Perto","1,23",,,,,,"ICN, Ego Iohannes presbiter filius Rodepaldi de furcone peto vobis, domne Perto VVA. ut res ipsas michi prestare iubeatis, quas antea in vestro monasterio pro anima mea per cartulum confirmavi. Et cellam vestramquam habetis in massa interocina, ubi dicitur Vallantis, cum omnibus ad ipsam pertinentibus. Pena compositionis huius conveniente auri mancosos .CCCC. * Adelbertus notarius  scripsi, mens eagusti indictione .VIII anno domni Hludocvici. Iohannes testes * Izo testes. * Toto * Adelpertus testes.",,,,,,,19,
18,LL 40,872,,p.52,,,Gaiprandus filius Gaiponis,,"Farfa, Abbat Perto","1,23",,,,,,,,,,,,"plagia, Pingui","20,21",
19,LL 41,861,,p. 53,,, Iohannes presbiter filius Rodepaldi de furcone ,32,,,,,,,," Iohannes presbiter filius Rodepaldi de Furcone peto vobis domne Perto VVA, ut michi prestare iubeatis ipsas res,  quas antea in vestro monasterio  pro anima nostra donavimus et per cartulam confirmavimus, In Furcone. Et res Iuris proprietatis vestri monasterii, in massa Interocina dicitur Ballantis, cum ecclesia Sancti Nazarii. Exceptasis quantum Aldo bassallus vester ad beneficium tenet a vobis. Pro quibus annualiter promitto persolvere pensionem in mense augusti, denarios XII. et penam prevaricationis componere solidos mancosos .CC *Adelbertus notarius scripsi * Iohannes presbiter * Hildeprandus presbiter * Traso testes * Gaiderisius * Toto * Izo   * petro testes",Second lease for Iohannes. similar group of witnesses to LL 39. ,,,,,,,
20,LL 42,876,,,,,,,"Farfa, Iohannes Abbot","1,2",,,,,,"ICN, EGO Racipertus filius Frauperti profiteor, quai vos, domne Iohannes vi venerabilis abba, dedistis michi in prestitum terra modia .XXX in Rescaniano, et modo eas a me recollegisitis ad opus vestri monasterii, dantes michi argenti solidos .XXX, Alias vero res habeam sicuti in ipsa prestaria continentur. Et si aliquando exinde molestiam fecero, componam auri mancosos .XXX  * Gaidemarius notarius scripsi, mense maii, indictione .VIIII. anno domni Karoli . I * Racipertus rogator. * Toto, * Odelprandus * Questo testes.",,,,,,,24,
21,LL 45,,,,,,Raco filius Frauperti habitator Carsule,4,"Farfa, Iohannes Abbot","1,2",,,,,,"ICN, Ego Raco filius Frauperti habitator Carsule peto vobis, domne Iohannes vir venerabilis abba, ut michi et filiis  meis ac nepotibus  aliquid de rebus iuris proprietatis monasterii vestri prestare dignemini, in Pelestrina, quod est duas colonias (correction duos colonos): unam que regitur per Grimaldum, aliam per Romanum, colonos vestros. Et XXX modia de terra, in loco qui dicitur Rescanianus, de terra cultiva. Ad laborandum, cultandum et meliorandum et annualiter pensionem reddendum in mense augusti in cella vestra in Carsule, denarios .IIII. Et penam si negligimus, componendum argenti solidos .L. Pro eo quod ego vendidi in ipso monasterio  omnes res et substantias meas, infra cunctos fines Reatinos, et pretio a vobis recepto, per cartulum delegavi. * Gaiderisius notarius scripsi, anno domni Hludovici.XXIIII. mense maii die X. indictione VI. * Raco rogator * Transualdis testis * Liudericus * Lupo testes * Liutenius testis",Raco son of Frauperti - bestows land to the monastery to some extent…  two colonos one controlled by Grimaldum and one by Romanum. ‘colonos vestros’  And 300 modia of land in Rescanianus (Raco mentioned also in Grant 2. mention of monasteries cella in Carsule.,,,,,"Carsulae, Pelestrina, Rescanianus","24,25",2
22,LL 46,873,,p.55,,,,,"Farfa, Iohannes Abbot","1,2",,,,,,"ICN, Ego Iohannes presbiter filius Petri habitator masse Torane || peto vobis domne Iohannes VVA, ut michi  et Bone sanctimonialis femine diebus vite nostre prestare iubeatis res et substantias, quas antea pro anima nostra donavimus in vestro monasterio, in Massa Torana, ubi dicitur Coniolicampi, que fuerunt Luponis et Iohannis et porcorum capita XL.  Et res iuris proprietatis vestri monasterii, que fuerunt Petri Presbiteri, ibidem in Coniolicampi, et terram Esclito modia .IIII et presam unam in Puzalia, que fuit cuiusdam Petri, et servum nostrum nomine Ursum. Ad laborandum, cultandum et meliorandum, et pensionem annualiter persolvendum in mense augusti, denarios XII, et vos donetis nobis medietatem de ipsis porcis quando crassi fuerint. Et si non sic adimpleveriumus notarius scripsi, anno domni Hludovici  XXIIII. mense maii, die XXIII indictione VI. * Iohannes presbiter et Bona sanctimonialis femina rogaverunt. * Palumbius presbiter  * Arduinus * Odelprandus testes.",!!!! Interesting. Land in Coniolicampi  leases by priest Iohannes and ‘Bona Femina sanctimonialis ‘containing slave named Ursum. 7 years later land in Coniolicampi donated to monastery by Formosa son of Ursi and her husband Stephanus. Is there  possible connection here?  Lease involves land that used to belong to Petri Presbyter his father.,,,,,Massa Torana,"8,26, 27",8
23,LL 47,874,,p.55,,,Oldepiando son of Maiorus,7,"Farfa, Iohannes Abbot","1,2",,,,,,"ICN, Ego Odelprandus filius Miauri habitator in Octavo peto vobis domne Iohannes VVA, ut michi et filiis ac nepotibus meis prestare iubeatis vineam in loco qui dicitur Ilice, casale qui dicitur Toranianum, que vobis antea vendidi et pretio accepto, per cartulam in vestro monasterio delegavi. Insupur aliquid de rebus vestri monasterii, in Valle Tibe, in loco qui dicitur Laurus, petiam unam: caput tenentem in valle Corbini, que est de episcopio Reatino, pedem fossato,  ex una parte terra Acherisi et Ursi et Vallis Vitaliani, de alio latere congregum nostum. Ad laborandum cultandum et fruendeum et pensionem annualiter persolvendum denarios III. Et penam obligationis, si neglexerimus componendum argenti solidos L.  * Gaiderisius notarius scripsi. || AD Hludovici XXV. mense aprilis die XV. indictione VII.  * Odelprandus rogator. * Arduinus testis * Adelbertus * Arno testes.",Odelprandus also made donations to Farfa in RF 313,no,,,,"Octavo, Illice, Toranianum","5,29",28
24,LL 49,875,,p.56,,,Lupos et Hildeprandus germani filii Teuprandi habitatoris in Bagiano,"45, 46","Farfa, Iohannes Abbot","1,2",,ad usum fruendi,,,,"ICN,  Nos Lupos et Hildeprandus germani filii Teuprandi habitatoris in Bagiano petimus vobis, domne Iohannes vir venerabilis abba, ut nobis et filiis ac nepotibus nostris prestare Iubeatis res, quas vendidimus vobis et, pretio susceptio, per cartulam confirmavimus  in vestro monasterio in Bagiano, vel per alia vocabula. Seu res proprietas ipsius monasterii in eodem Bagiano, infra gualdum ipsum, idest vineam quam habetis a parte filiorum Adelfusi, per mensuram pedis publici modia XX. secus limitem. Ad usum fruendi, laborandi, cultandi et vinum eiusdem vinee vestre et vinearum nostrarum per medium dividendum, et per vinee facturas operas tres vobis dandum. || per fena operas .III. per messem operas III. Infra castaldum Reatinum, et medietatem de glande reddendum annualiter. Et penam obligationis pro negligentia componendum argenti solidos .C. Actum anno domni Hludovici XXVI mense februaii, die XIIII, Lupo et Hildericus rogaverunt. * Odelprandus testis * Hildericus notarius testes * Gaiderisius notarius scripsi dedi.",mentions land of the gualdum (fiscal forest) mention of the abbots monastery in Bagiano Is there a dependent monastic house in this location? mentions children of Adelfusi.,no,,,,Bagiano,30,30
25,LL 50 ,876,,p. 59, Sancti Petri in Carsule,16,Lupardus filius Luponis,47,"Farfa, Iohannes Abbot","1,2",,,,,,"ICN Ego Lupardus filius Luponis peto vobis domne Iohannes vir venerebalis abba, ut propter res et substantias meas quantas cumque habui in monte Guizi, unde pretio recepto, in vestro monasterio confirmavi per cartulum venditionis, prestare iubeatis filiis meis Hilderico, Acimnundo et Teusperto filiisque ac nepotibus illorum legitimis masculinis aliquid de rebus iuris proprietatis monasterii vestri, in Carsule, in loco qui dicitur Trivius, substantias duas. Unam quam Ursulus et aliam quam Bonefaculus et Dominicus germani ad suam manum tenuerunt. Et rest ibidem in Trivio, in Gualdora, quas Goderisius in vestro monasterio per cartulam delegavit. Omnia et in omnibus, quantaab ipsis Camponiscis in vestrum monasterium evenit, filiis meis suprascriptis concessistis ad laborandum, cultandum et meliorandum, et pensionem annualiter reddendum, in cella vestra de Carsule, idest ecclesia Sancti Petri, ad manum suam operas .VIII. et pullorum par I. ad prepositium ipsius celle. Et si Neglexerint, componant vobis argenti solidos .C Actum anno Domni Karoli Imperii primo, mense maii Die XXI. Indictione VIIII * Lupardus rogator. * Lupus testis * Iohannes, * Acimundus testes.",Interesting one.  donates land to the monastery to retain in usufruct for himself and his sons. monte Guizi  Trivius in Carsule. Ursulus. In Gualdora qaus Goderisius in vestro monasterio per cartulum delegavit. (Is this a reference to fiscal lands?),no,,,,"Monte Guizi, Trivius, Ursulus  Carsule, Camponiscis",2,2
26,LL 51,878,,p. 57,santa maria in corneta,14, Petrum filium Marcellini ,51,"Farfa, Iohannes Abbot","1,2",,Labour service in return for land.,,,,"ICN Ego Iohannes humilis abbas ordinamus te Petrum filium Marcellini in colonica nostri monasterii, in massa Turana, que || pertinet ad cellam nostri monasterii ibidem in Corneta, substantia vero est in Tampiliano, que fuit Bonituli servi nostri, ut tu et heredes tui ibidem resideatis et annualiter per omnes ebdomadas duas operas in ipsa cella faciatis, quales igi necessarie fuerint. Et si neglexiritius componantis nobis argenti Solidos XX. Actum mense martii, indictione XI, anno domni Karoli I. * Iohannes humilis abbas subscripsi * Teuto monachus manu mea * Spento presbiter et monachus manu mea. * Petrus presbiter et monachus manu mea.","Colonus (?) Petrum filium Marcellini in Massa Turano. allowed to hold land on monasteries cellam of the monastery in Corneta, Tampiliano. that used to belong to their slave: Bonituli.  in return for 2 weeks of service every year to do what is necessary in the cella. Monastery is Sancta Marie in Tore as refer in LL 8 and LL 35 LL 148 also",yes,,,,"Massa Turano, Corneta, Tampiliano","18,31",8
27,LL 8,834,,p. 35,santa maria in corneta,14,picco and Petrum of Ursi,"60,61","Farfa, Abbot Sichardus","1,59",,,,,"Large tracts of land donated with retention of usufruct, many coloni household named. RF 158  802 donation relating to similar land from same brothers mentions castel sancta Angeli  fill this out!!","IDN, Nos Probatus et Picco germani  filii cuiusdam Ursi, pro redemptione animarum nostrarum et parentum nostrum, donamus a present ide in monasterio Sancte Marie sito Sabinis, loco qui dicitur Actuianus, ubi domnus Sichardus religiosus abbas preest. res et substantias nostras per loca denominata, cum casis, vineis, terris familisque ibi residentibus, et cartulum exinde emisimus et tradimus possidendum. Et modo precamur vos, suprascripte domne abba, ut, una cum consensu congregationis vestri monasterii, ipsas omnes predictas res diebus vite nostre tantummodo usu fruendi concedere iubeatis. Sed et res iuris proprietas prefati monasterii, idest curtem vestram quam habetis in massa Turana, in casale qui vocateur Massingianus, et cornetus et civitatem, vel in aliis locis seu vocabulis, sicuti Sangro habuit, et per cartulam in suprascripto monasterio delegavit, cum suis mobiliis et peculiis et casis coloniciis, idest casam Bononsuli, casam Palumbi, casam Merculi, casam Maineperti, casam Palumbuli, casam Adadatuli, casam Delicatuli, casam Petri porcarii, casum Petrii Ferrarii, casam Marioalidi cum substantias Auduli fratris sui. Isti resident in Corneto et in Massugiano. Item in Tampiliano casam Vanerioli, casam Alonsuli. Et res quas habetis in Taliano et Musiano et Motulo que fuerunt cuiusdam Aderisi cum casa colonica in Taliano. idest casam Valentioli, et terre sementaricie petiam unam ibidem in Toure, ubi dicitur Campus, que fuit Sorie Ancille Dei. Et servum manualem unum, nomine Marcellinulum qui fuit filius Maneperti. Has omnes predictas res in integrum, cum ecclesia Sancte Marie ibi edificata, et cum servis et ancillis et uxoribus et filiis, exceptis servis vel ancillis quos ad vestram manum prendidistis. Alia omnia cum suis substantiis et portionibus et mobillibus illorum nobis diebus vite nostre dedistis tantummodo usu fruendi, gubernandi, laborandi, cultandi, meliorandi non peiorandi nec vendendi nec donandi nec in alterius potestatem per quodlibet ingenium mittendi, set annualiter pensionem persolvendi vobis vestrisque successoribus in missa sancte Marie, idest XVII Kalendas semptembris, denarios expendibles XII. Neglexibus = CCC Mancosos. ","We Probatus and Picco brothers and sons of a certain Ursi, For the redemption of our souls and our parents. We donate a present to that monastery of Saint Marie situated in Sabine, in the place called Actuianus. Where Lord Sichardus abbot presides. Our things and belongings in the places named with houses, vines, land and households that reside in that place. and this charter hands over and transfers these possessions. And now I petition you the above lord abbot how one with the consent of the congregation of your monastery that all these things for the days of my life I am allowed to use and enjoy. But and these things remain the legal property of the monastery. In the curtem you have in massa Turano, In casale that is called Massingianus and cornetus and city or in other places or names so as Sangro had, and by charter to the above monastery entrusted. With moveable things, savings/money and houses of the coloni. that is the houses of Bonosuli, Palumbi, Merculi, Maineperti, Palumbali, Merculi, Maineperti, Palumbali, Adadatuli, Delicatuli, Peter Pig, Peter Ferrari, Marioaldi with the belongings of Auduldi brothers. These reside in Corneto and in Massugiano. Also in Tampiliano the house of Vanerioli and the house of Alonsuli. And the things that they have in Taliano and Musiano and Motulo which were of the Aderisum with colonica houses in Taliano.the house of Valentoli with land that can be sown (sementaricie) one portion in Toure, where is Campus. there was Sorie, servant of god. And one manual servant, named Marcellinulim who was son of Manepert. All these things are in their intierty, with the church of Saint Mary  built there. and with slaves and slave maids and wifes and sons. Except the slave women and men who at your hand are retained. Everything else with their possesions and portions and mobile things for the days of our life to use and enjoy. to govern, work, cultivate and improve. Neither sell or alter the power to which has any ability to send. Annually providing a payment to you and your sucessors agein in Sancte Marie, Denarios Expendibles XII. Neglexibus = CCC Mancosos. ",yes,,,,,"8,31,40,41",
28,LL 4,808,,,,,Rodoricus,80,"Farfa, Abbot Benedictus","1,81",,Usufruct,n/a,,,"INPEFSS. Ab incarnatione  8th Jan 808. Ego Rodoricus pro redemptione anime mee donavi iam antea in monasterio sancte Dei genetricis semperque VM. SIATS et viro beatissimo Benedicto abbati ecclesiam Sancti Stephani cum omni dote sua, et medietatem de curte seu gualdo ibidem cum omni sua pertinentia, et per scripti paginam firmavimus. Mode quoque ego qui supra rodoricus, nemine me cogente neque vim faciente, nisi bona et spontanea voluntate, don , trado atque concedo in eterna traditione pro redemptione anime nostre a die presenti in suprascripta monasterio aliam medietatem de ipso gualdo et curte ad sanctum Stephanum, ad possidendum casas, terras, silvas, prata, pascua, ripas, salicta, culta vel inculta, et omnia in omnibus eist pertinentia in integrum. Unde etiam suggero clementie tur  suprascripte abba, ut ipsan mediatatem eiusdem gualdi seu curtis  per vestram prestariam digneris prestare Fruaperto genero meo et GUaletrude coniugi mee sub beneficiali ordine, et usu fruendi diebus vite eorum. Post discessum vero eorum sine ulla repetitione seu expectata traditione, omnia in vestram faciatis reverti potestatem. Actum in Reate, mense indictione suprascipta. * Signum manus Rodorici, qui hacn cartulam fieri rogavit.",Ropertus/Rodoricus granted the dote of St-Stephanus with half of associated Gualdus. For his life and that of his son/wife. Then it will revert to the Abbey. No rent specified customary rent perhaps,no,,,,,53,?
29,LL 5 ,819,,,,,Iohannes,20,,"1,11",,usufruct,6 denarios ,100 Fransico solidos,interesting. First money rent in LL (confirm) Land that Iohannes son of Teudatus  given land that belonged to his father in usufruct. Not 100% clear on this. Leonie relative of Iohanii which on his death donated land to Farfa which are then leased to his relative Iohanni with payment of an annual rent. Interesting that most of the witnesses are monks. ,"Ingoaldus Abbas... concedimus tibi Iohanni Sculdasio de Spoleto filio cuiusdam Teudati, sub beneficiali ordine, res illas in Aser super Salaria publica, que fuerunt quondam. Leonis cognati tui, quas tu, pro anima tua et ipsius Leonis et Tote coniugis eius sororis tue, in monasterio Sancte Marie per cartulum a die presenti donasti, ad petitionem tuam, omnes ipsas res ad eandem curtem pertinentes, diebus vite tue et tantum usu fruendi, laborandi, cultandi et meliorandi, non vendendi nec donandi nec in alterius potestatem per quodlibet ingenium mittendi. Sed Annualiter pro ipsis rebus debeas persolvere pensionem nostro monasterio, in missa sancte Marie .XVIII kalends Septembris, denarios .VI Pena Solidos Franciscos .CC * Ego in Chrisi nomine Ingualdus peccator, etsi indignus, presbiter et abbas, in hac prestaria a me facta manu mea subscripsi. Ego Gunsebertus, ets Indignus, monachus ex iussione domni abbatis in hac prestaria manu mea. * Ego Petrus Presbiter et monachus * Ego Hildericus manu mea * Ego Hildericus monachus et diaconus * Ego beniamin presbiter et monachus. * Ego Hildericus manu mea * Ego Hildericus monachus et diaconus * Ego Tuferius monachus et subdiaconus manu mea * Ego campo rogatus a te Ingoaldo Abbate manu mea * Ego Probatus manu mea * Ego Alaricus manu mea",in missa sancta Marie (does this mean to be paid in/during Mass ?),,,,,Aser,,
30,LL 6,819,,,Sancti Agathi in Rieti,64,Hilderici Cleric,70,,"1,11",,usufruct,not specified,,Hildericus cleric donates church of Saint Agatha to Farfa retains its use in usufruct.  On his death it is to his sister Guisperga religious woman and she donates it for her parents and sisters soul. ,"IDN Quidam Hildericus clericus de civitate Reatina fecit cartulam in hoc monasterio Sancte Marie de ecclesia Sancte Agathes, que posita est ad Arcim, ea ratione, ut, dum Gutta coniux eius et filia eius viverent, Haberent ipsas res usu fructario tantum, et post eorum discessum revenirent in hoc monasterio Sancte Marie. Postea venit Guisperga ancilla Dei fillia ipsius Hilderici. et sua bona voluntate, pro sua et parentum suorum anima, retradidit ipsam ecclesiam Sancte Agathes et usum fructuarium in suprascripto monasterio e tin manus domni Ingoaldi abbatis. Actum mense decembris, indiction .XIII in presentia tini. Et Ancusebus scripsit, Ansefridus, * Iohannes * Probatus ibi fuerent.",probat de Sub muro  - ‘Approved under the wall’ ,,,,,,64,
31,LL 7,828,,,,,,,,,,,,,Very interesting. large group of Free tenants on Land that Hilderic donated to Farfa agree to do service on demesne Land. Find relevant historiography and add agents to database.,"Constat nos Aquilinium filium cuiusdam Autarii et Palumbum filium Saxuli et Martinum filium Offlionis, habitatores Caprarice, et Pergonem filium Gezuli et Faustinum filium Arecausi et Buciolum filium Taxoli  et Valerinum filium Gradolfi et Bellonem filium Pauli, habitatores Pinguis, et Bonipertum filium Bonuli et Mansiolum filium Arborioli et Cauculum filium Amuli et Luponem filium Antionis et Leonianum filium Vespuli et Sinderadum  filium Vespuli, quonium bona et spontanea voluntate nostra, pro eo quod minime habemus unde vivere possimus, ideo repromittimus in monasterio Sancte Dei genitricis semperque virginis Marie, territorii Sabinensis, loci qui nominatur Acutianus, vel tibi , vir venerabilis Ingoalde abba ipsius monasterii, nos residere in casis vestris et substantia vestra, quantum ad curtem vestram intedocrinam pertinet, quam Hildericus in ipso monasterio delegavit, et permanere usque in annos .X. Salve libertate nostra.  Et promittimus in ipsa curte in tempore sementis nos Laborare vobis vel successoribus vestris ebdomada una, et alia ebdomada nobis, et in magise similiter, et in messe similiter, et post ipsum laborem factum, faciamus vobis, ut supra continetur, ebdomadam unam, et nobis ebdomadas duas. Et nos suprascripti di Caprarice dabimus annualiter in curte vestre de Interocro vini decimatas .XV. Et nos de Pinguis vini decimats .LXXX. Et nos de Interocro decimatas .XV Et aliam causam super his nullam vobis faciamus. Expletis vero ipsis annis .X, quomodo nostra voluntas fuerit, sic in antea faciamus. Quod si non omnia fecerimus sicuti supra scriptum est, componamus unusquisque solidos argenti .XX,. et hoc scriptum in sua permaneat firmitate. Actum in Amiterno. Signum manus ",,,,,,,,
32,LL 9,835,,,,,,,,,,,,,Transcribe and analyse!!!,"ICN Ego sichardus abbas una cum monachis congregationis nostre, ordinamus te Santari filium Luteradi libertum quondam Hilderici gastaldi, per consensum et voluntatem predicti genitoris tui, in rebus et Gualdo (nell) proprietatis monasterii nostri, in loco qui vocatur Campus Gartiani, qui fuit quondam Hilderici gastaldi, ut dum advixeris ipsas res studeas laborare, cultare et meliorare et salvum facere. De arboribus autem et glande et omni labore quem ibi feceris, et de animalibus que ibi nuterieris, annualiter per medium dividas nobiscum vel succcessoribus nostris. Et quecumque pars hanc fregerit ordinationem componat alteri parti auri solidos .XX  Quod ego Rattichisus scripsi , anno domni || Hludovichi et Hlotharii filii eius XXII. et XIII mense iunii die .XX, indictione XIII.",,,,,,,,
,,,,,,,,,,,,,,,,,,,,,,,,